token,count
Indian,231
Hindu,205
India,167
Shiva,64
Temple,54
British,43
Lake,38
National,38
River,34
Festival,33
Kannada,33
Krishna,33
Park,30
Manipur,30
Buddhist,28
Portuguese,28
Sanctuary,26
Bengali,26
Mahabharata,25
Fort,24
Wildlife,22
Assamese,21
Government,21
UNESCO,20
Vishnu,19
Hindi,19
dance,18
Manipuri,18
Himalayan,17
Tibetan,17
South,16
Sri,15
Kashmiri,15
Museum,15
Hills,15
Jharkhand,15
Valley,15
World,15
Hindus,15
Asian,15
festival,14
Falls,14
Naga,14
Empire,14
Devi,13
Dance,13
Church,13
Shah,13
Kol,13
Hinduism,13
Ganges,12
Mughal,12
Nagaland,12
Sikkim,12
Hyderabad,12
Palace,12
Deccan,12
Ali,12
Assam,12
Imphal,12
English,12
Muslim,12
Buddha,11
Gandhi,11
Chola,11
French,11
New,11
Karnataka,11
Government India,11
Delhi,11
language,10
Wancho,10
Heritage,10
Meitei,10
Singh,10
Sikh,10
Sanskrit,10
Ladakh,10
Puducherry,10
Mela,9
Puja,9
Durga,9
State,9
Kakatiya,9
Paigah,9
Sagar,9
Kaveri,9
Yakshagana,9
Munda,9
Santhal,9
Tamil,9
Telugu,9
Geographical,9
Asia,9
Kashmir,9
Goddess,9
Catholic,9
Ramayana,9
theÃ,9
Ganga,8
Venkateswara,8
Monastery,8
Bengal,8
Kangra,8
Stadium,8
Nizam,8
King,8
Tripura,8
Tulu,8
Khan,8
Roman,8
North,8
Godavari,8
European,8
League,8
BC,8
Dravidian,8
Diwali,8
BCE,8
Yamuna,8
Kingdom,8
House,8
theÂ,8
Maharaja,8
Terracotta,7
Shri,7
Jesus,7
Vijayanagara,7
Award,7
Brahmaputra,7
Shakti,7
Eastern,7
Gelug,7
Bareli,7
Kumaoni,6
Caves,6
Tiger,6
Reserve,6
Guru,6
Pola,6
embroidery,6
Jarawa,6
painting,6
Great,6
Bagh,6
Village,6
Pulie,6
Qutb,6
Jah,6
Asaf,6
International,6
Art,6
St,6
Mysore,6
Sonam,6
Diu,6
Mekhela,6
Meenakshi,6
Pahari,6
One,6
Vedic,6
Nyishi,6
Gond,6
Vijayadashami,6
Ashwayuja,6
Persian,6
Parvati,6
Games,6
Rama,6
Islamic,6
Nizams,6
Mizo,6
Jain,6
Road,6
Kartika,6
Yadava,6
Ranchi,6
Chhattisgarh,6
Leh,6
Arjuna,6
Oraon,6
Uttarakhand,6
Pakistan,6
Mumbai,6
ODI,6
Haryana,6
aÃ,6
toÃ,6
temple,5
Shaivism,5
Lepakshi,5
Eluru,5
Tagin,5
Baul,5
Kali,5
Island,5
Fair,5
India's,5
Kohima,5
War,5
Kala,5
Charminar,5
Vennela,5
Book,5
Patna,5
Battle,5
Holi,5
Kodava,5
Basavanna,5
Harihara,5
Dasara,5
Pathalgadi,5
Rebellion,5
Tamar,5
Buru,5
Akademi,5
Connaught,5
Beach,5
Panguni,5
Theyyam,5
Kerala,5
Ho,5
Indo,5
Year,5
Punjab,5
Karmapa,5
Kakatiyas,5
Western,5
School,5
Bangladesh,5
Radha,5
Bhil,5
Bhagavata,5
Tungabhadra,5
Hindustani,5
East,5
Shah Jahan,5
Jahan,5
Sea,5
Kamarupa,5
Andhra,5
Pradesh,5
Padma,5
Bangkok,5
Kuruba,5
Plateau,5
Kedarnath,4
Gangotri,4
Etikoppaka,4
toys,4
Stupa,4
Monpa,4
Bastar,4
Craft,4
folk,4
Forest,4
Garden,4
Hidimbi,4
Painting,4
Gardens,4
Institute,4
Technology,4
University,4
Shahi,4
Mosque,4
Mandir,4
paintings,4
Telangana,4
Bahadur,4
Haveli,4
Begum,4
District,4
Purnima,4
Bharat,4
Marang,4
Gallery,4
Gupta,4
Sador,4
Kavadi,4
Amman,4
Archaeological,4
Indus,4
Buddhism,4
Classical,4
Kurma,4
Sankranti,4
Sudurpashchimi,4
Carnatic,4
Vijayawada,4
Virabhadra,4
Tani,4
Sino Tibetan,4
Sino,4
Patkai,4
Danteshwari,4
Tagore,4
Roy,4
Bhima,4
Rakshasi,4
Himalaya,4
Tibet,4
Sikkimese,4
Lepcha,4
West,4
Sangai,4
Shillong,4
Thenzawl,4
Myanmar,4
Musi,4
Mulugu,4
Secunderabad,4
Shaivite,4
Manikya,4
Gautama,4
Aryan,4
Emperor,4
Lingayats,4
Mylara,4
Deepavali,4
Lingayat,4
Chandravamsa,4
Navaratri,4
Olympian,4
Spituk,4
Kargil,4
Ministry,4
Bhavan,4
Snapdeal,4
Ashoka,4
Ekasarana,4
Numaligarh,4
Guwahati,4
Murugan,4
GI,4
Adi,4
China,4
Chamoli,4
Andhra Pradesh,4
Rayalaseema,4
Kalinga,4
Burma,4
Jammu,4
Padma Shri,4
Earth,4
Nepal,4
Viceroy,4
Filmfare,4
France,4
Hos,4
Hazaribagh,4
New Delhi,4
Pandu,4
Ilbari,4
Apostle,4
Shaktism,4
Tamilakam,4
Nagara,4
Dhak,4
Purnagiri,3
Dussehra,3
Haridwar,3
Sahib,3
Kumaon,3
craft,3
Pedana,3
sarees,3
Udayagiri,3
Tirumala,3
Ghantasala,3
dialect,3
drums,3
Khamti,3
Phagun,3
Rajim,3
Renaissance,3
Movement,3
Gajan,3
Shakha,3
Sun,3
Tulip,3
Hidimba,3
Chamba,3
Zoological,3
Chanu,3
Cathedral,3
Rao,3
Pillar,3
Masjid,3
dynasty,3
Bazaar,3
Tribal,3
Council,3
gujarat,3
Deepawali,3
Sindhi,3
Daman,3
Silk,3
Majuli,3
Sarees,3
haryana,3
Makar Sankranti,3
Makar,3
Nallamala,3
Burman,3
Satnami,3
Rabindranath,3
Pratap,3
Dzongu,3
Meitei Mayek,3
Mayek,3
Angami,3
Culture,3
Range,3
Changu,3
Parliament,3
VI,3
Musunuri,3
Recherla,3
Purana,3
Survey,3
Mir,3
Traditional,3
Indian Super League,3
Super,3
Bollywood,3
Osman,3
Gautama Buddha,3
Maurya,3
coast,3
Narmada,3
Rudra,3
Konkani,3
Awadh,3
States,3
Gowda,3
Maa,3
Constitution,3
Marang Buru,3
Mughal Emperor,3
Holy,3
Saint,3
Brahmaputra River,3
Northeast,3
South Indian,3
UNESCO World Heritage Site,3
Site,3
Southern,3
South Asia,3
Sati,3
Chand,3
Garhwal,3
Languages,3
Importance,3
Deva,3
Female,3
Teesta,3
Bahmani,3
Ganesha,3
Health,3
Sonam Gyatso,3
Gyatso,3
town,2
Nanda,2
cave,2
architecture,2
Algoza,2
Bal,2
Durgi,2
kalamkari,2
Undavalli,2
silk,2
terracotta,2
Kuchipudi,2
poetry,2
wooden,2
sculptures,2
INS,2
Pangsau,2
Pass,2
Sherdukpen,2
butter,2
bamboo,2
log,2
Bamboo,2
Wood,2
Pottery,2
Iron,2
Wooden,2
Kumbh,2
songs,2
art,2
Goncha,2
Chhau,2
temples,2
saree,2
Salt,2
Ki,2
Summer,2
Gangtok,2
Mural,2
Jhumar,2
instrument,2
Textile,2
Market,2
Keibul,2
Lamjao,2
Leela,2
Mary,2
Dil,2
Rajbari,2
Badze,2
Rhododendron,2
Mahadev,2
Mahatma,2
Cricket,2
Lhamo,2
Warangal,2
Statue,2
Alampur,2
Raja,2
Lakshmi,2
Narasimha,2
Swamy,2
Hyderabadi,2
scroll,2
Nirmal,2
Jung,2
Waterfall,2
Nehru,2
Reddy,2
Devdi,2
Jahi,2
Pocharam,2
Balayogi,2
Mohammad,2
actress,2
Rohit,2
Sultan,2
Temples,2
Memorial,2
Manjusha,2
caves,2
Puri,2
rajasthan,2
birthplace,2
Marble,2
Gateway,2
Pilgrimage,2
Bom,2
cuisine,2
Bangalore,2
Kunitha,2
Worship,2
Jatra,2
theatre,2
Metro,2
ceremony,2
Bhuta,2
Kola,2
based,2
Sahitya,2
Sharana,2
state,2
Nagpuri,2
Railway,2
Station,2
Airport,2
Language,2
Dynasty,2
Dalai,2
Rock,2
Lady,2
Ghar,2
Chettinad,2
Mahabalipuram,2
Yamunotri,2
Glacier,2
Guru Gobind Singh,2
Gobind,2
zari,2
Bagata,2
Valmiki,2
Poraja,2
Khond,2
Kondadora,2
Mukadora,2
Kotia,2
Sufi,2
Devotional,2
holige,2
obbattu,2
bobbatlu,2
Geographical Indication,2
Indication,2
Anantapur,2
Indo Roman,2
Rajamahendravaram,2
Kalvari,2
Adis,2
Tai Khamti,2
Tai,2
Idu,2
Miju,2
Tibeto Burman,2
Tibeto,2
Apatani,2
Rupa,2
Jigaon,2
Shergaon,2
Bomdila,2
Agreement Trade Related Aspects Intellectual Property Rights,2
Agreement,2
Trade,2
Related,2
Aspects,2
Intellectual,2
Property,2
Rights,2
Shravan,2
Gregorian,2
Danteswari,2
Muria,2
Halba,2
Bhatra,2
Rabindranath Tagore,2
Durga Puja,2
Battle Plassey,2
Plassey,2
Indian Renaissance,2
Malla,2
Dharmathakur,2
Shukla,2
Joishtho,2
Mahishasura,2
Mirzapur,2
Noa,2
Pani,2
Peak,2
Havelock,2
Negrito,2
Katra,2
Mahakali,2
Mahalakshmi,2
Mahasarasvati,2
Surya,2
Kashmiri Pandits,2
Pandits,2
Doru,2
Shahabad,2
Kot,2
Rangcha,2
Kulvi,2
Maharana,2
Himachali,2
Dharma,2
Shimla,2
Naldehra,2
Kangra Valley,2
Hand,2
Gujranwala,2
Patiala,2
Amritsar,2
Ludhiana,2
Amritsarâ,2
Naina,1
devi,1
Alaknanda,1
Chota,1
Char,1
Dham,1
Tungnath,1
Bhagirathi,1
Sage,1
Vashistha,1
enlightenment,1
Hemkund,1
Gurdwara,1
Har,1
ki,1
Pauri,1
Bholanath,1
Surkanda,1
Ghagara,1
Raj,1
Jaat,1
Ramman,1
Uttarayani,1
dialects,1
Choliya,1
Ransingha,1
Mithai,1
Kafuli,1
Lakhudiyar,1
Nagarjunsagar,1
Srisailam,1
Bobbili,1
Veena,1
stone,1
Narayanpet,1
handloom,1
Dharmavaram,1
Amaravati,1
school,1
sculpture,1
Kumbhakonam,1
pottery,1
Srikalahasti,1
frescos,1
Mangalagiri,1
cotton,1
Dhimsa,1
Urus,1
processions,1
Annamayya,1
Pootharekulu,1
Annamacharya's,1
keertanas,1
Oliga,1
Langa,1
Voni,1
Kondapalli,1
carpets,1
Tholu,1
Bommalata,1
puppets,1
cutlery,1
Kommu,1
Koya,1
Veerabhadra,1
Kurmam,1
Borra,1
Kolleru,1
Mukhalingam,1
soapstone,1
lacquer,1
Kursura,1
Solung,1
Tawang,1
paper,1
scrolls,1
Parshuram,1
Kund,1
Sangken,1
Winter,1
Nishi,1
Mishmi,1
prayer,1
flags,1
lamps,1
Nyokum,1
Yullo,1
rituals,1
Si,1
Donyi,1
Torma,1
Khong,1
Dree,1
thangkas,1
Padam,1
carvings,1
Ita,1
Eaglenest,1
Gastrodia,1
lohitensis,1
Leafless,1
Orchid,1
Impatiens,1
dorjeekhanduii,1
Flowering,1
Plant,1
Sunrise,1
Dong,1
Yugang,1
Altars,1
Carvings,1
Carpets,1
Raut,1
Nacha,1
Madai,1
Hareli,1
Ghotul,1
system,1
Ghasidas,1
Jaitkham,1
Sua,1
Loriya,1
Godna,1
textiles,1
Lokotsav,1
Gendi,1
song,1
ektara,1
Rabindra,1
Sangeet,1
Purulia,1
mask,1
Kumortuli,1
Bhatiali,1
Mishti,1
doi,1
Kavigan,1
Swadeshi,1
Bishnupur,1
Baluchari,1
sari,1
Charak,1
Jamai,1
Sasthi,1
Sindur,1
Khela,1
Garad,1
bangles,1
Topor,1
headgear,1
Kantha,1
Tant,1
Shantiniketan,1
Machher,1
Jhol,1
body,1
Cellular,1
Jail,1
pathways,1
Sentinelese,1
Ross,1
Penal,1
Colony,1
Barren,1
Pandanus,1
Jangil,1
tribe,1
Pyinma,1
Lagerstroemia,1
hypoleuca,1
Kangri,1
Amarnath,1
Cave,1
Vaishno,1
Martand,1
ruins,1
Navreh,1
Kalari,1
cheese,1
Noon,1
Chai,1
Zaldora,1
Rug,1
Kullu,1
fort,1
Thoda,1
trade,1
routes,1
Bushahr,1
kingdom,1
Minjar,1
Kardang,1
Losar,1
Kullui,1
Bathu,1
Ladi,1
Siddu,1
Lavi,1
Shivratri,1
Mandi,1
Kuhl,1
irrigation,1
Rumal,1
Manimahesh,1
Kailash,1
Tattapani,1
Luanchari,1
capital,1
Earthquake,1
Lugdi,1
Carpet,1
Weaving,1
tooni,1
toona,1
celiata,1
rani,1
chaap,1
macalia,1
exelsa,1
okner,1
walnut,1
Carving,1
Thanka,1
Cane,1
Masks,1
Preserving,1
Rich,1
Author,1
Amrita,1
Pritam,1
Parandi,1
Khes,1
wind,1
punjab,1
Jallianwala,1
massacre,1
Green,1
Revolution,1
Qila,1
Mubarak,1
Bathinda,1
Partition,1
Mahendra,1
Chaudhary,1
Manimajra,1
Kang,1
Heikru,1
Hidongba,1
weaving,1
Loktak,1
Ima,1
Khogampatt,1
Govindajee,1
Raas,1
Commmunity,1
Puyas,1
Thang,1
Ta,1
Pena,1
Cheiraoba,1
Yaosang,1
Kom,1
Irom,1
Sharmila,1
Saikhom,1
Mirabai,1
Aribam,1
Syam,1
Sharma,1
Angom,1
Anita,1
Dingko,1
Kunjarani,1
Laishram,1
Sarita,1
Umiam,1
Nohkalikai,1
Balpakram,1
Elephant,1
Nokrek,1
Kynrem,1
Nohsngithiang,1
Langshiang,1
Tuirihiau,1
falls,1
Dampa,1
Mizoram,1
Palak,1
Lengteng,1
Hmuifang,1
Murlen,1
Phawngpui,1
Solomon's,1
Aizawl,1
Champhai,1
Vantawng,1
Hornbill,1
Aoleang,1
Cemetery,1
Fakim,1
Ntangki,1
Khonoma,1
Kisama,1
Ruins,1
Kachari,1
Shilloi,1
Help,1
Christians,1
Lotha,1
Mount,1
JapfÃ¼,1
Mokokchung,1
Mon,1
Ravangla,1
Khangchendzonga,1
Rumtek,1
Temi,1
Tea,1
Pangolakha,1
Fambong,1
Lho,1
Kyongnosla,1
Alpine,1
Maenam,1
Varsey,1
Shingba,1
Kitam,1
Bird,1
Pemayangtse,1
Tsomgo,1
drul,1
Chorten,1
Kirateshwar,1
Marg,1
Mining,1
Paljor,1
Bhaichung,1
Banjhakri,1
Energy,1
Express,1
Gurudongmar,1
Khecheopalri,1
Tso,1
Menmecho,1
Samiti,1
Thoranam,1
Chandrasekhar,1
Ambedkar,1
Bhongir,1
Golconda,1
Kota,1
Gullu,1
Sita,1
Ramachandraswamy,1
Bhadrachalam,1
Jogulamba,1
Rajeswara,1
Vemulawada,1
Khammam,1
Rachakonda,1
Thousand,1
Kollapur,1
tombs,1
Chowmahalla,1
Falaknuma,1
Gnana,1
Saraswati,1
Yadagirigutta,1
Kondagattu,1
Anjaneya,1
Qubani,1
ka,1
Meetha,1
Biryani,1
Equality,1
Ramanuja,1
Khairatabad,1
Mian,1
Mishk,1
Toli,1
Spanish,1
Diocese,1
Dornakal,1
Nelakondapalli,1
Phanigiri,1
Dappu,1
Erakeswara,1
Pillalamarri,1
Cheriyal,1
Birla,1
Salar,1
Archaeology,1
Pochampally,1
Ikat,1
Kuntala,1
Ramoji,1
Film,1
City,1
Bogatha,1
Ramagiri,1
Savatula,1
Gundam,1
Waterfalls,1
Nanakramguda,1
Mahavir,1
Harina,1
Vanasthali,1
Kasu,1
Brahmananda,1
Mrugavani,1
Kishore,1
Narsing,1
Raju,1
Gadwal,1
Sari,1
Eturnagaram,1
NTR,1
Khursheed,1
Pakhal,1
Silver,1
Filigree,1
Karimnagar,1
Khara,1
dupatta,1
Dewan,1
Kawal,1
Taramati,1
Baradari,1
Pranahita,1
Bhadrachala,1
Ramadasu,1
Kinnerasani,1
Manjira,1
Shivaram,1
Makkah,1
Umda,1
FC,1
Athletic,1
Rajiv,1
Lal,1
Shastri,1
Indoor,1
Laknavaram,1
Nallagandla,1
lake,1
Himayat,1
Hussain,1
Zakir,1
Husain,1
P.V,1
Dia,1
Mirza,1
Shabana,1
Azmi,1
Azharuddin,1
Yavar,1
VVS,1
Laxman,1
Gajam,1
Anjaiah,1
Lumbini,1
Narayana,1
Sushmita,1
Sen,1
Tabu,1
Farah,1
Shamirpet,1
Durgam,1
Cheruvu,1
Alwal,1
Safilguda,1
Ramappa,1
Ramakrishnapuram,1
Fox,1
Ameenpur,1
Khajaguda,1
Talab,1
Ramanthapur,1
Banjara,1
Edulabad,1
Ananthagiri,1
Vikarabad,1
district,1
Moula,1
hill,1
Purani,1
Kothi,1
Khandelwal,1
Shyam,1
Benegal,1
Baig,1
Talat,1
Aziz,1
Rashid,1
singer,1
Mast,1
Chatta,1
Asman,1
Garh,1
Moazzam,1
Pathargatti,1
Basheer,1
Geetha,1
Arts,1
Shilparamam,1
Errum,1
Manzil,1
Laad,1
Madina,1
building,1
Ravindra,1
Bharathi,1
pearls,1
Bella,1
Vista,1
Abids,1
Bazar,1
Ujjayanta,1
Sundari,1
Neermahal,1
Rudrasagar,1
Unakoti,1
Dumboor,1
Trishna,1
Clouded,1
Leopard,1
Sepahijala,1
Jampui,1
Gumti,1
Rowa,1
Longtharai,1
Atharamura,1
Bijoy,1
sagar,1
Areas,1
Autonomous,1
Kamalasagar,1
Pilak,1
Gunabati,1
Group,1
Sabroom,1
Pushbanta,1
Venuban,1
Vihar,1
Kamalpur,1
Kharchi,1
Haora,1
Kunjaban,1
Agartala,1
Bhubaneswari,1
Golghar,1
Mahabodhi,1
Viharaya,1
Golgong,1
rock,1
Bodhi,1
tree,1
Darbhanga,1
Jal,1
Sonepur,1
Cattle,1
Bodh,1
Gaya,1
Barabar,1
Sanjay,1
Jaivik,1
Udyan,1
Takht,1
Vikramshila,1
Gangetic,1
Dolphin,1
Tomb,1
Sher,1
Suri,1
Madhubani,1
Sujani,1
Tikuli,1
Khandagiri,1
Rajarani,1
Simlipal,1
Baleswari,1
odia,1
Dalkhai,1
Mahari,1
Dhauli,1
Dhamra,1
Port,1
Hirakud,1
Dam,1
Lingraja,1
Bhitarkanika,1
Manda,1
Chilika,1
Konark,1
Ratha,1
Yatra,1
Jagannath,1
Ghumura,1
Mahuri,1
Gotipua,1
Thewa,1
jewelry,1
Haldighati,1
Chittorgarh,1
Kumbhalgarh,1
Dal,1
Bati,1
Churma,1
Bikaneri,1
Bhujia,1
Kalbelia,1
Ghoomar,1
Maand,1
Chari,1
Bhopa,1
Bhopi,1
Tradition,1
Pichwai,1
Kutch,1
Rogan,1
Lothal,1
Modhera,1
Bhavnath,1
Uttarayan,1
Vautha,1
Dangs,1
Darbar,1
Shamlaji,1
melo,1
Kutchi,1
Siddi,1
community,1
Panchmahal,1
Gujarati,1
Garba,1
March,1
near,1
Sanchi,1
Hingot,1
Print,1
Lokrang,1
Rocks,1
Dhuandhar,1
Pachmarhi,1
Orchha,1
Sawantwadi,1
Ajanta,1
Ellora,1
Gangadhar,1
Tilak,1
Pandharpur,1
Wari,1
Narali,1
Bail,1
Misal,1
Pav,1
Lavani,1
Mahabaleshwar,1
Basilica,1
Carnival,1
Annexation,1
Goa,1
Sao,1
Jao,1
Bonderam,1
Feast,1
Francis,1
Xavier,1
Zambaulim,1
Fugdi,1
Feni,1
Tiatr,1
Shigmo,1
Ghumot,1
Khurja,1
Ramcharitmanas,1
Kathak,1
Prayagraj,1
Khichdi,1
Ashoka's,1
Dhamek,1
Lathmar,1
Charkula,1
Milap,1
Magh,1
Raslila,1
Dev,1
Zari,1
work,1
Chikankari,1
Banarasi,1
Saree,1
Awadhi,1
Taj,1
Mahal,1
Agra,1
Ram,1
Lucknow,1
Residency,1
Veeragase,1
Bidriware,1
Hampi,1
Jog,1
Pak,1
Ilkal,1
Channapatna,1
toy,1
making,1
Karaga,1
Basava,1
Jayanthi,1
Dollu,1
drum,1
Sankramana,1
Pattadakal,1
Kangilu,1
possession,1
ritual,1
Bhoota,1
Aradhane,1
Spirit,1
Kudala,1
Sangameshwara,1
Goravara,1
Bayalata,1
narrative,1
Maddur,1
Vada,1
specialty,1
Ragi,1
Mudde,1
staple,1
food,1
Chalukyas,1
Badami,1
Kudalasangama,1
Namma,1
Chinnaswamy,1
Pandit,1
Bhimsen,1
Joshi,1
Mailara,1
Jaatre,1
Lakshadeepotsava,1
Kudubi,1
fire,1
walking,1
Male,1
Mahadeshwara,1
Panchalinga,1
Darshana,1
Kadalekai,1
Parishe,1
origin,1
period,1
Primary,1
musical,1
Contemporary,1
ruler,1
Entity,1
possessing,1
performer,1
movie,1
response,1
Capital,1
city,1
Virupaksha,1
Bisi,1
Bele,1
Bath,1
Halmidi,1
Inscription,1
discovered,1
Mangaluru,1
Kundagannada,1
spoken,1
First,1
Jnanpith,1
winner,1
Kuvempu,1
Academy,1
Wadiyar,1
Torchlight,1
Parade,1
texts,1
Religious,1
sect,1
Storm,1
weapon,1
Huttari,1
movment,1
Betla,1
Dhooska,1
Sohrai,1
Khovar,1
Deori,1
MS,1
Dhoni,1
constitutional,1
provision,1
districts,1
literal,1
meaning,1
ruling,1
power,1
opposed,1
policy,1
triggering,1
primary,1
method,1
Bhagta,1
Parab,1
Uprising,1
Hundru,1
Jadopatia,1
Dewri,1
Hatia,1
Birsa,1
Deepika,1
Kumari,1
Jaipal,1
Baha,1
parab,1
Revolt,1
Netarhat,1
Patratu,1
Khortha,1
Tori,1
Kolkali,1
Tipu,1
Ubaidullah,1
Jawaharlal,1
Lama,1
Chewang,1
Rinchen,1
Kushok,1
Bakula,1
Rinpoche,1
Stanzin,1
Dorjai,1
Ice,1
Wangchuk,1
Zoji,1
La,1
Ras,1
Stok,1
Tsechu,1
Achi,1
Beating,1
Retreat,1
Ceremonial,1
changing,1
guards,1
Indraprastha,1
Qutub,1
Minar,1
Lotus,1
Paranthe,1
Wali,1
Gali,1
Fashion,1
Week,1
Modern,1
Lalit,1
Phool,1
Walon,1
Sair,1
Jama,1
Bangla,1
Gurudwara,1
Redemption,1
Medical,1
Research,1
ICMR,1
Dental,1
Indira,1
Place,1
Rukh,1
Pandavas,1
Bansal,1
Esha,1
Cartoonist,1
Sudhir,1
Tailang,1
Chandni,1
Chowk,1
Ashokan,1
Edict,1
Mamluk,1
Silvassa,1
architectural,1
influence,1
Varlis,1
Koknas,1
Paul's,1
Nagoa,1
Fortress,1
Panikotha,1
Hirwa,1
Van,1
Gangeshwar,1
Naida,1
Vasona,1
Lion,1
Safari,1
Cultural,1
Devka,1
Moti,1
Khukri,1
Satmaliya,1
Deer,1
Nani,1
Swaminarayan,1
Rosary,1
Zampa,1
Ghoghla,1
Head,1
Nakshatra,1
Xorai,1
Satra,1
Dubi,1
Copper,1
Plate,1
Inscriptions,1
Deopahar,1
Muga,1
Gamosa,1
Ahom,1
Saraighat,1
Rang,1
Jonbeel,1
Ambubachi,1
Ai,1
Ligang,1
Karam,1
Naamghar,1
Sattriya,1
Gumrag,1
Riha,1
tea,1
Khar,1
Joha,1
rice,1
Asharikandi,1
masks,1
Kaziranga,1
island,1
Talatal,1
Monabarie,1
Kanchi,1
Kamakoti,1
Peetham,1
Gopurams,1
Mridangam,1
Nadi,1
astrology,1
Bharatanatyam,1
Siddhar,1
Agastyar,1
Poompuhar,1
mansions,1
Siddha,1
medicine,1
bronzes,1
car,1
Golu,1
Terukkuttu,1
Attam,1
Kummi,1
palm,1
leaf,1
manuscripts,1
Coconut,1
dishes,1
Kanchipuram,1
Madurai,1
Sungudi,1
Thirubuvanam,1
Chithirai,1
Thaipusam,1
kavadi,1
Natyanjali,1
Aadi,1
Perukku,1
Uthiram,1
Mahamaham,1
Living,1
Nilgiri,1
Ramanathaswamy,1
Kodaikanal,1
Brihadisvara,1
Nataraja,1
Sushma,1
Swaraj,1
Rakhigarhi,1
Tosham,1
Harsh,1
Ka,1
Tila,1
Folk,1
Harshvardhan,1
Harappan,1
culture,1
artifacts,1
Ved,1
Vyas,1
Civilization,1
Lacha,1
Punjabi,1
Kachri,1
Fagun,1
Nritya,1
Yadavindra,1
Badkhal,1
Kalesar,1
national,1
park,1
Villianur,1
Works,1
Aayi,1
Mandapam,1
Meerapalli,1
Andrew's,1
Varadaraja,1
Perumal,1
Arikamedu,1
Louis,1
Immaculate,1
Conception,1
Veerampattinam,1
kattumaram,1
Bahour,1
Angels,1
Kameeswarar,1
Tholpavakoothu,1
Leather,1
Shadow,1
Puppetry,1
Charadupinnikkali,1
String,1
Nayadikali,1
Hunting,1
Ayyappan,1
Thiyyattu,1
Muzhappilangad,1
Bekal,1
Kathakali,1
Ayurveda,1
Paintings,1
Sarpa,1
Kavu,1
Onam,1
Appam,1
Kappad,1
Wayanad,1
Vembanad,1
Harmonium,1
Nat,1
Sankirtan,1
Perini,1
Shivatandavam,1
Lama's,1
visits,1
Vasavi,1
Kurukh,1
Dhokra,1
metal,1
casting,1
Paika,1
Jani,1
Shikar,1
Sarna,1
Santali,1
Jaher,1
Dramyin,1
Dranyen,1
Religion,1
Sowa,1
Rigpa,1
Aati,1
Kalenja,1
monsoon,1
celebrated,1
Braj,1
Cuisine,1
Kambala,1
buffalo,1
race,1
cinema,1
Rasgulla,1
Wootz,1
steel,1
Makrana,1
Stone,1
Rathwi,1
Gangai,1
Christmas,1
Kuki,1
Chin,1
languages,1
Akshaya,1
Tritiya,1
Lai,1
Haraoba,1
Baisakhi,1
celebration,1
Yak,1
Chaam,1
masked,1
Lipu,1
Dhaam,1
feast,1
Deodar,1
Devban,1
grove,1
Takri,1
script,1
Cham,1
Gurkha,1
Jute,1
industry,1
Pohela,1
Boishakh,1
Teej,1
Dholak,1
Pattachitra,1
theater,1
Karma,1
figurines,1
Chedi,1
Golden,1
Chariot,1
luxury,1
train,1
Chir,1
pine,1
trees,1
